"LOCATION","INDICATOR","SUBJECT","MEASURE","FREQUENCY","TIME","Value","Flag Codes"
"AUS","GDEXPRD","TOT","PC_GDP","A","1996",1.58339164870311,
"AUS","GDEXPRD","TOT","PC_GDP","A","1998",1.43809230481455,
"AUS","GDEXPRD","TOT","PC_GDP","A","2000",1.47746452105193,
"AUS","GDEXPRD","TOT","PC_GDP","A","2002",1.64947063523772,
"AUS","GDEXPRD","TOT","PC_GDP","A","2004",1.73124480279627,
"AUS","GDEXPRD","TOT","PC_GDP","A","2006",2.0041726755096,
"AUS","GDEXPRD","TOT","PC_GDP","A","2008",2.24570188351341,
"AUS","GDEXPRD","TOT","PC_GDP","A","2010",2.18230410088224,
"AUS","GDEXPRD","TOT","PC_GDP","A","2011",2.11403053636714,
"AUS","GDEXPRD","TOT","PC_GDP","A","2013",2.09389251374701,
"AUS","GDEXPRD","TOT","PC_GDP","A","2015",1.8774454842917,
"AUS","GDEXPRD","TOT","PC_GDP","A","2017",1.78852728610378,
"AUT","GDEXPRD","TOT","PC_GDP","A","1996",1.58076919537147,
"AUT","GDEXPRD","TOT","PC_GDP","A","1997",1.65491086019058,
"AUT","GDEXPRD","TOT","PC_GDP","A","1998",1.73154759330961,
"AUT","GDEXPRD","TOT","PC_GDP","A","1999",1.84537125182573,
"AUT","GDEXPRD","TOT","PC_GDP","A","2000",1.88602424420832,
"AUT","GDEXPRD","TOT","PC_GDP","A","2001",1.99210448081461,
"AUT","GDEXPRD","TOT","PC_GDP","A","2002",2.06598383788809,
"AUT","GDEXPRD","TOT","PC_GDP","A","2003",2.17455641590277,
"AUT","GDEXPRD","TOT","PC_GDP","A","2004",2.16611664552492,
"AUT","GDEXPRD","TOT","PC_GDP","A","2005",2.37323990476357,
"AUT","GDEXPRD","TOT","PC_GDP","A","2006",2.35922709819809,
"AUT","GDEXPRD","TOT","PC_GDP","A","2007",2.41843231712657,
"AUT","GDEXPRD","TOT","PC_GDP","A","2008",2.5694481629698,
"AUT","GDEXPRD","TOT","PC_GDP","A","2009",2.59673677655242,
"AUT","GDEXPRD","TOT","PC_GDP","A","2010",2.72610057349756,
"AUT","GDEXPRD","TOT","PC_GDP","A","2011",2.66867789645755,
"AUT","GDEXPRD","TOT","PC_GDP","A","2012",2.91471878002482,
"AUT","GDEXPRD","TOT","PC_GDP","A","2013",2.95491836935052,
"AUT","GDEXPRD","TOT","PC_GDP","A","2014",3.08428672143724,
"AUT","GDEXPRD","TOT","PC_GDP","A","2015",3.04969049949657,
"AUT","GDEXPRD","TOT","PC_GDP","A","2016",3.1165470454446,
"AUT","GDEXPRD","TOT","PC_GDP","A","2017",3.05673430582871,
"AUT","GDEXPRD","TOT","PC_GDP","A","2018",3.14256295556367,
"AUT","GDEXPRD","TOT","PC_GDP","A","2019",3.19154148618093,
"BEL","GDEXPRD","TOT","PC_GDP","A","1996",1.74298579592519,
"BEL","GDEXPRD","TOT","PC_GDP","A","1997",1.80971431132768,
"BEL","GDEXPRD","TOT","PC_GDP","A","1998",1.83825100209007,
"BEL","GDEXPRD","TOT","PC_GDP","A","1999",1.90564580566189,
"BEL","GDEXPRD","TOT","PC_GDP","A","2000",1.93619516589671,
"BEL","GDEXPRD","TOT","PC_GDP","A","2001",2.0327916505539,
"BEL","GDEXPRD","TOT","PC_GDP","A","2002",1.90324791270747,
"BEL","GDEXPRD","TOT","PC_GDP","A","2003",1.84119500416429,
"BEL","GDEXPRD","TOT","PC_GDP","A","2004",1.82050497301897,
"BEL","GDEXPRD","TOT","PC_GDP","A","2005",1.79060640173966,
"BEL","GDEXPRD","TOT","PC_GDP","A","2006",1.82269277552156,
"BEL","GDEXPRD","TOT","PC_GDP","A","2007",1.84999463067951,
"BEL","GDEXPRD","TOT","PC_GDP","A","2008",1.93683938647268,
"BEL","GDEXPRD","TOT","PC_GDP","A","2009",1.99859844697766,
"BEL","GDEXPRD","TOT","PC_GDP","A","2010",2.06187639426216,
"BEL","GDEXPRD","TOT","PC_GDP","A","2011",2.17332441767619,
"BEL","GDEXPRD","TOT","PC_GDP","A","2012",2.28114063401875,
"BEL","GDEXPRD","TOT","PC_GDP","A","2013",2.330725157809,
"BEL","GDEXPRD","TOT","PC_GDP","A","2014",2.37001632492836,
"BEL","GDEXPRD","TOT","PC_GDP","A","2015",2.42816558811658,
"BEL","GDEXPRD","TOT","PC_GDP","A","2016",2.52337710682044,
"BEL","GDEXPRD","TOT","PC_GDP","A","2017",2.66701536277917,
"BEL","GDEXPRD","TOT","PC_GDP","A","2018",2.6732600754877,
"BEL","GDEXPRD","TOT","PC_GDP","A","2019",2.88967044117502,
"CAN","GDEXPRD","TOT","PC_GDP","A","1996",1.60682178187883,
"CAN","GDEXPRD","TOT","PC_GDP","A","1997",1.61380311072789,
"CAN","GDEXPRD","TOT","PC_GDP","A","1998",1.71049218115397,
"CAN","GDEXPRD","TOT","PC_GDP","A","1999",1.74982910468715,
"CAN","GDEXPRD","TOT","PC_GDP","A","2000",1.85847020670463,
"CAN","GDEXPRD","TOT","PC_GDP","A","2001",2.02115604219326,
"CAN","GDEXPRD","TOT","PC_GDP","A","2002",1.97169458839535,
"CAN","GDEXPRD","TOT","PC_GDP","A","2003",1.96780705592442,
"CAN","GDEXPRD","TOT","PC_GDP","A","2004",1.99733329540154,
"CAN","GDEXPRD","TOT","PC_GDP","A","2005",1.97124346682236,
"CAN","GDEXPRD","TOT","PC_GDP","A","2006",1.94299894962194,
"CAN","GDEXPRD","TOT","PC_GDP","A","2007",1.90357751126509,
"CAN","GDEXPRD","TOT","PC_GDP","A","2008",1.85577785944947,
"CAN","GDEXPRD","TOT","PC_GDP","A","2009",1.91741539354459,
"CAN","GDEXPRD","TOT","PC_GDP","A","2010",1.82527754302397,
"CAN","GDEXPRD","TOT","PC_GDP","A","2011",1.78714059196319,
"CAN","GDEXPRD","TOT","PC_GDP","A","2012",1.7723282769657,
"CAN","GDEXPRD","TOT","PC_GDP","A","2013",1.70540418778424,
"CAN","GDEXPRD","TOT","PC_GDP","A","2014",1.71417285495299,
"CAN","GDEXPRD","TOT","PC_GDP","A","2015",1.69324285422175,
"CAN","GDEXPRD","TOT","PC_GDP","A","2016",1.72872845939468,
"CAN","GDEXPRD","TOT","PC_GDP","A","2017",1.66921964028532,
"CAN","GDEXPRD","TOT","PC_GDP","A","2018",1.55774912512191,
"CAN","GDEXPRD","TOT","PC_GDP","A","2019",1.53809734834977,
"CZE","GDEXPRD","TOT","PC_GDP","A","1996",0.88912152761643,
"CZE","GDEXPRD","TOT","PC_GDP","A","1997",0.98818685109872,
"CZE","GDEXPRD","TOT","PC_GDP","A","1998",1.06022190238076,
"CZE","GDEXPRD","TOT","PC_GDP","A","1999",1.04957294395919,
"CZE","GDEXPRD","TOT","PC_GDP","A","2000",1.10997452529849,
"CZE","GDEXPRD","TOT","PC_GDP","A","2001",1.09870553047815,
"CZE","GDEXPRD","TOT","PC_GDP","A","2002",1.09819389353032,
"CZE","GDEXPRD","TOT","PC_GDP","A","2003",1.14209824711028,
"CZE","GDEXPRD","TOT","PC_GDP","A","2004",1.13935305291265,
"CZE","GDEXPRD","TOT","PC_GDP","A","2005",1.1609974960441,
"CZE","GDEXPRD","TOT","PC_GDP","A","2006",1.22542372456053,
"CZE","GDEXPRD","TOT","PC_GDP","A","2007",1.29572380725855,
"CZE","GDEXPRD","TOT","PC_GDP","A","2008",1.23358160213314,
"CZE","GDEXPRD","TOT","PC_GDP","A","2009",1.28655796748872,
"CZE","GDEXPRD","TOT","PC_GDP","A","2010",1.32670404070255,
"CZE","GDEXPRD","TOT","PC_GDP","A","2011",1.54476645407074,
"CZE","GDEXPRD","TOT","PC_GDP","A","2012",1.76967142799845,
"CZE","GDEXPRD","TOT","PC_GDP","A","2013",1.87924059316247,
"CZE","GDEXPRD","TOT","PC_GDP","A","2014",1.958330634001,
"CZE","GDEXPRD","TOT","PC_GDP","A","2015",1.91688960340106,
"CZE","GDEXPRD","TOT","PC_GDP","A","2016",1.67002873055278,
"CZE","GDEXPRD","TOT","PC_GDP","A","2017",1.76854959801299,
"CZE","GDEXPRD","TOT","PC_GDP","A","2018",1.89944718388292,
"CZE","GDEXPRD","TOT","PC_GDP","A","2019",1.94165651470175,
"DNK","GDEXPRD","TOT","PC_GDP","A","1996",1.80667022555365,
"DNK","GDEXPRD","TOT","PC_GDP","A","1997",1.8891409808451,
"DNK","GDEXPRD","TOT","PC_GDP","A","1998",2.00618799409024,
"DNK","GDEXPRD","TOT","PC_GDP","A","1999",2.12764140630185,
"DNK","GDEXPRD","TOT","PC_GDP","A","2001",2.32466428665821,
"DNK","GDEXPRD","TOT","PC_GDP","A","2002",2.4414456044838,
"DNK","GDEXPRD","TOT","PC_GDP","A","2003",2.51084503744712,
"DNK","GDEXPRD","TOT","PC_GDP","A","2004",2.41916331461333,
"DNK","GDEXPRD","TOT","PC_GDP","A","2005",2.39337290680524,
"DNK","GDEXPRD","TOT","PC_GDP","A","2006",2.40300259922869,
"DNK","GDEXPRD","TOT","PC_GDP","A","2007",2.51541238893515,
"DNK","GDEXPRD","TOT","PC_GDP","A","2008",2.77345736762991,
"DNK","GDEXPRD","TOT","PC_GDP","A","2009",3.055142059803,
"DNK","GDEXPRD","TOT","PC_GDP","A","2010",2.91706627653998,
"DNK","GDEXPRD","TOT","PC_GDP","A","2011",2.94465135824493,
"DNK","GDEXPRD","TOT","PC_GDP","A","2012",2.98124711359842,
"DNK","GDEXPRD","TOT","PC_GDP","A","2013",2.97048153603097,
"DNK","GDEXPRD","TOT","PC_GDP","A","2014",2.91409348854176,
"DNK","GDEXPRD","TOT","PC_GDP","A","2015",3.05496648172147,
"DNK","GDEXPRD","TOT","PC_GDP","A","2016",3.0928335625267,
"DNK","GDEXPRD","TOT","PC_GDP","A","2017",3.02531737649085,
"DNK","GDEXPRD","TOT","PC_GDP","A","2018",3.02268679933515,
"DNK","GDEXPRD","TOT","PC_GDP","A","2019",2.95618574904396,
"FIN","GDEXPRD","TOT","PC_GDP","A","1996",2.45255867607731,
"FIN","GDEXPRD","TOT","PC_GDP","A","1997",2.62157752623932,
"FIN","GDEXPRD","TOT","PC_GDP","A","1998",2.78442501560503,
"FIN","GDEXPRD","TOT","PC_GDP","A","1999",3.0561949765199,
"FIN","GDEXPRD","TOT","PC_GDP","A","2000",3.24138200612715,
"FIN","GDEXPRD","TOT","PC_GDP","A","2001",3.19372333420914,
"FIN","GDEXPRD","TOT","PC_GDP","A","2002",3.2530776264429,
"FIN","GDEXPRD","TOT","PC_GDP","A","2003",3.2982214050834,
"FIN","GDEXPRD","TOT","PC_GDP","A","2004",3.30907220795173,
"FIN","GDEXPRD","TOT","PC_GDP","A","2005",3.32369889548052,
"FIN","GDEXPRD","TOT","PC_GDP","A","2006",3.332155098122,
"FIN","GDEXPRD","TOT","PC_GDP","A","2007",3.33704156688334,
"FIN","GDEXPRD","TOT","PC_GDP","A","2008",3.53696831647492,
"FIN","GDEXPRD","TOT","PC_GDP","A","2009",3.73402168949144,
"FIN","GDEXPRD","TOT","PC_GDP","A","2010",3.70532026171582,
"FIN","GDEXPRD","TOT","PC_GDP","A","2011",3.61806280871524,
"FIN","GDEXPRD","TOT","PC_GDP","A","2012",3.39832369165875,
"FIN","GDEXPRD","TOT","PC_GDP","A","2013",3.27137200777209,
"FIN","GDEXPRD","TOT","PC_GDP","A","2014",3.14750818039894,
"FIN","GDEXPRD","TOT","PC_GDP","A","2015",2.87196347896019,
"FIN","GDEXPRD","TOT","PC_GDP","A","2016",2.72441820906776,
"FIN","GDEXPRD","TOT","PC_GDP","A","2017",2.72787128647244,
"FIN","GDEXPRD","TOT","PC_GDP","A","2018",2.75473264411886,
"FIN","GDEXPRD","TOT","PC_GDP","A","2019",2.79491885907409,
"FRA","GDEXPRD","TOT","PC_GDP","A","1996",2.22279940196412,
"FRA","GDEXPRD","TOT","PC_GDP","A","1997",2.14698921561878,
"FRA","GDEXPRD","TOT","PC_GDP","A","1998",2.0947576357205,
"FRA","GDEXPRD","TOT","PC_GDP","A","1999",2.10766738341712,
"FRA","GDEXPRD","TOT","PC_GDP","A","2000",2.09346097789441,
"FRA","GDEXPRD","TOT","PC_GDP","A","2001",2.13804251722793,
"FRA","GDEXPRD","TOT","PC_GDP","A","2002",2.17449451420776,
"FRA","GDEXPRD","TOT","PC_GDP","A","2003",2.11993720847801,
"FRA","GDEXPRD","TOT","PC_GDP","A","2004",2.09461284410561,
"FRA","GDEXPRD","TOT","PC_GDP","A","2005",2.05150582335969,
"FRA","GDEXPRD","TOT","PC_GDP","A","2006",2.05093799153857,
"FRA","GDEXPRD","TOT","PC_GDP","A","2007",2.02451299604401,
"FRA","GDEXPRD","TOT","PC_GDP","A","2008",2.06116919463155,
"FRA","GDEXPRD","TOT","PC_GDP","A","2009",2.21206518000725,
"FRA","GDEXPRD","TOT","PC_GDP","A","2010",2.17857321921787,
"FRA","GDEXPRD","TOT","PC_GDP","A","2011",2.19161452586975,
"FRA","GDEXPRD","TOT","PC_GDP","A","2012",2.22706582331325,
"FRA","GDEXPRD","TOT","PC_GDP","A","2013",2.23702513096375,
"FRA","GDEXPRD","TOT","PC_GDP","A","2014",2.2759166699616,
"FRA","GDEXPRD","TOT","PC_GDP","A","2015",2.26703077466121,
"FRA","GDEXPRD","TOT","PC_GDP","A","2016",2.22238389099287,
"FRA","GDEXPRD","TOT","PC_GDP","A","2017",2.20348278500916,
"FRA","GDEXPRD","TOT","PC_GDP","A","2018",2.19586305168792,
"FRA","GDEXPRD","TOT","PC_GDP","A","2019",2.19145560306517,
"DEU","GDEXPRD","TOT","PC_GDP","A","1996",2.14461147716745,
"DEU","GDEXPRD","TOT","PC_GDP","A","1997",2.18832129107921,
"DEU","GDEXPRD","TOT","PC_GDP","A","1998",2.21612930769154,
"DEU","GDEXPRD","TOT","PC_GDP","A","1999",2.34779235535184,
"DEU","GDEXPRD","TOT","PC_GDP","A","2000",2.40981736199024,
"DEU","GDEXPRD","TOT","PC_GDP","A","2001",2.40437243963287,
"DEU","GDEXPRD","TOT","PC_GDP","A","2002",2.4362209979437,
"DEU","GDEXPRD","TOT","PC_GDP","A","2003",2.47461387159348,
"DEU","GDEXPRD","TOT","PC_GDP","A","2004",2.43518832982692,
"DEU","GDEXPRD","TOT","PC_GDP","A","2005",2.44192827894822,
"DEU","GDEXPRD","TOT","PC_GDP","A","2006",2.47231547788753,
"DEU","GDEXPRD","TOT","PC_GDP","A","2007",2.46048056650197,
"DEU","GDEXPRD","TOT","PC_GDP","A","2008",2.61513302624397,
"DEU","GDEXPRD","TOT","PC_GDP","A","2009",2.74266255882702,
"DEU","GDEXPRD","TOT","PC_GDP","A","2010",2.73023738816097,
"DEU","GDEXPRD","TOT","PC_GDP","A","2011",2.80554628346872,
"DEU","GDEXPRD","TOT","PC_GDP","A","2012",2.88165555073926,
"DEU","GDEXPRD","TOT","PC_GDP","A","2013",2.83598654738827,
"DEU","GDEXPRD","TOT","PC_GDP","A","2014",2.87784049490509,
"DEU","GDEXPRD","TOT","PC_GDP","A","2015",2.93379174404695,
"DEU","GDEXPRD","TOT","PC_GDP","A","2016",2.94038918698201,
"DEU","GDEXPRD","TOT","PC_GDP","A","2017",3.05392305191021,
"DEU","GDEXPRD","TOT","PC_GDP","A","2018",3.11848209843255,
"DEU","GDEXPRD","TOT","PC_GDP","A","2019",3.17607457125875,
"GRC","GDEXPRD","TOT","PC_GDP","A","1997",0.42909826928453,
"GRC","GDEXPRD","TOT","PC_GDP","A","1999",0.5682310958355,
"GRC","GDEXPRD","TOT","PC_GDP","A","2001",0.55948388830407,
"GRC","GDEXPRD","TOT","PC_GDP","A","2003",0.54653661525485,
"GRC","GDEXPRD","TOT","PC_GDP","A","2004",0.52730333602603,
"GRC","GDEXPRD","TOT","PC_GDP","A","2005",0.57895618448942,
"GRC","GDEXPRD","TOT","PC_GDP","A","2006",0.56118204333542,
"GRC","GDEXPRD","TOT","PC_GDP","A","2007",0.57654971035306,
"GRC","GDEXPRD","TOT","PC_GDP","A","2008",0.66183206722197,
"GRC","GDEXPRD","TOT","PC_GDP","A","2009",0.62556891428918,
"GRC","GDEXPRD","TOT","PC_GDP","A","2010",0.60346942419589,
"GRC","GDEXPRD","TOT","PC_GDP","A","2011",0.68425978813308,
"GRC","GDEXPRD","TOT","PC_GDP","A","2012",0.71002129478664,
"GRC","GDEXPRD","TOT","PC_GDP","A","2013",0.8159998628629,
"GRC","GDEXPRD","TOT","PC_GDP","A","2014",0.83943859824788,
"GRC","GDEXPRD","TOT","PC_GDP","A","2015",0.96747358977145,
"GRC","GDEXPRD","TOT","PC_GDP","A","2016",1.00677848751636,
"GRC","GDEXPRD","TOT","PC_GDP","A","2017",1.1506679681136,
"GRC","GDEXPRD","TOT","PC_GDP","A","2018",1.21256480621749,
"GRC","GDEXPRD","TOT","PC_GDP","A","2019",1.27394114547478,
"HUN","GDEXPRD","TOT","PC_GDP","A","1996",0.63026506166192,
"HUN","GDEXPRD","TOT","PC_GDP","A","1997",0.69895161728485,
"HUN","GDEXPRD","TOT","PC_GDP","A","1998",0.6571061565949,
"HUN","GDEXPRD","TOT","PC_GDP","A","1999",0.67185899845208,
"HUN","GDEXPRD","TOT","PC_GDP","A","2000",0.79095758557532,
"HUN","GDEXPRD","TOT","PC_GDP","A","2001",0.91309785891017,
"HUN","GDEXPRD","TOT","PC_GDP","A","2002",0.98354701618271,
"HUN","GDEXPRD","TOT","PC_GDP","A","2003",0.91865075911955,
"HUN","GDEXPRD","TOT","PC_GDP","A","2004",0.86123008102922,
"HUN","GDEXPRD","TOT","PC_GDP","A","2005",0.9213881578889,
"HUN","GDEXPRD","TOT","PC_GDP","A","2006",0.97857490566307,
"HUN","GDEXPRD","TOT","PC_GDP","A","2007",0.95595219071793,
"HUN","GDEXPRD","TOT","PC_GDP","A","2008",0.97874279894472,
"HUN","GDEXPRD","TOT","PC_GDP","A","2009",1.13068151410085,
"HUN","GDEXPRD","TOT","PC_GDP","A","2010",1.13086452067294,
"HUN","GDEXPRD","TOT","PC_GDP","A","2011",1.18077044433555,
"HUN","GDEXPRD","TOT","PC_GDP","A","2012",1.25753370375275,
"HUN","GDEXPRD","TOT","PC_GDP","A","2013",1.38688524481924,
"HUN","GDEXPRD","TOT","PC_GDP","A","2014",1.34716786403153,
"HUN","GDEXPRD","TOT","PC_GDP","A","2015",1.34065747986973,
"HUN","GDEXPRD","TOT","PC_GDP","A","2016",1.18114980338815,
"HUN","GDEXPRD","TOT","PC_GDP","A","2017",1.31841136500173,
"HUN","GDEXPRD","TOT","PC_GDP","A","2018",1.50912976966525,
"HUN","GDEXPRD","TOT","PC_GDP","A","2019",1.47788146764257,
"ISL","GDEXPRD","TOT","PC_GDP","A","1997",1.79808152402916,
"ISL","GDEXPRD","TOT","PC_GDP","A","1998",1.95099471706695,
"ISL","GDEXPRD","TOT","PC_GDP","A","1999",2.23506494624465,
"ISL","GDEXPRD","TOT","PC_GDP","A","2000",2.57201278031649,
"ISL","GDEXPRD","TOT","PC_GDP","A","2001",2.83989275093585,
"ISL","GDEXPRD","TOT","PC_GDP","A","2002",2.82120410381852,
"ISL","GDEXPRD","TOT","PC_GDP","A","2003",2.70549961091214,
"ISL","GDEXPRD","TOT","PC_GDP","A","2005",2.67969228423395,
"ISL","GDEXPRD","TOT","PC_GDP","A","2006",2.85265680611448,
"ISL","GDEXPRD","TOT","PC_GDP","A","2007",2.53293510484808,
"ISL","GDEXPRD","TOT","PC_GDP","A","2008",2.46414014433867,
"ISL","GDEXPRD","TOT","PC_GDP","A","2009",2.59713372029229,
"ISL","GDEXPRD","TOT","PC_GDP","A","2011",2.40366524688176,
"ISL","GDEXPRD","TOT","PC_GDP","A","2013",1.69237734966777,
"ISL","GDEXPRD","TOT","PC_GDP","A","2014",1.93616026863124,
"ISL","GDEXPRD","TOT","PC_GDP","A","2015",2.18138989027103,
"ISL","GDEXPRD","TOT","PC_GDP","A","2016",2.10980268404606,
"ISL","GDEXPRD","TOT","PC_GDP","A","2017",2.08375058325803,
"ISL","GDEXPRD","TOT","PC_GDP","A","2018",2.00643224987451,
"ISL","GDEXPRD","TOT","PC_GDP","A","2019",2.34511948694923,
"IRL","GDEXPRD","TOT","PC_GDP","A","1996",1.2716367072004,
"IRL","GDEXPRD","TOT","PC_GDP","A","1997",1.24324176967576,
"IRL","GDEXPRD","TOT","PC_GDP","A","1998",1.20905024206234,
"IRL","GDEXPRD","TOT","PC_GDP","A","1999",1.15292272493351,
"IRL","GDEXPRD","TOT","PC_GDP","A","2000",1.08477639621027,
"IRL","GDEXPRD","TOT","PC_GDP","A","2001",1.05261950054873,
"IRL","GDEXPRD","TOT","PC_GDP","A","2002",1.05607929641788,
"IRL","GDEXPRD","TOT","PC_GDP","A","2003",1.12468873167434,
"IRL","GDEXPRD","TOT","PC_GDP","A","2004",1.17831292147144,
"IRL","GDEXPRD","TOT","PC_GDP","A","2005",1.19249816440461,
"IRL","GDEXPRD","TOT","PC_GDP","A","2006",1.19888086426283,
"IRL","GDEXPRD","TOT","PC_GDP","A","2007",1.23370671392629,
"IRL","GDEXPRD","TOT","PC_GDP","A","2008",1.38876837309218,
"IRL","GDEXPRD","TOT","PC_GDP","A","2009",1.61118115036156,
"IRL","GDEXPRD","TOT","PC_GDP","A","2010",1.59208321924767,
"IRL","GDEXPRD","TOT","PC_GDP","A","2011",1.55945407700517,
"IRL","GDEXPRD","TOT","PC_GDP","A","2012",1.56129703564569,
"IRL","GDEXPRD","TOT","PC_GDP","A","2013",1.5661943338321,
"IRL","GDEXPRD","TOT","PC_GDP","A","2014",1.52048615792385,
"IRL","GDEXPRD","TOT","PC_GDP","A","2015",1.18267489888847,
"IRL","GDEXPRD","TOT","PC_GDP","A","2016",1.17244796396699,
"IRL","GDEXPRD","TOT","PC_GDP","A","2017",1.22352226803537,
"IRL","GDEXPRD","TOT","PC_GDP","A","2018",1.16593181825442,
"IRL","GDEXPRD","TOT","PC_GDP","A","2019",1.22823714466444,
"ITA","GDEXPRD","TOT","PC_GDP","A","1996",0.94590337799237,
"ITA","GDEXPRD","TOT","PC_GDP","A","1997",0.98768965062988,
"ITA","GDEXPRD","TOT","PC_GDP","A","1998",1.00486795478375,
"ITA","GDEXPRD","TOT","PC_GDP","A","1999",0.98064969605995,
"ITA","GDEXPRD","TOT","PC_GDP","A","2000",1.00363838345941,
"ITA","GDEXPRD","TOT","PC_GDP","A","2001",1.0407037053168,
"ITA","GDEXPRD","TOT","PC_GDP","A","2002",1.08123708719861,
"ITA","GDEXPRD","TOT","PC_GDP","A","2003",1.05894256887465,
"ITA","GDEXPRD","TOT","PC_GDP","A","2004",1.05025135662344,
"ITA","GDEXPRD","TOT","PC_GDP","A","2005",1.04435132190569,
"ITA","GDEXPRD","TOT","PC_GDP","A","2006",1.08401127645318,
"ITA","GDEXPRD","TOT","PC_GDP","A","2007",1.12899124730515,
"ITA","GDEXPRD","TOT","PC_GDP","A","2008",1.15972442806049,
"ITA","GDEXPRD","TOT","PC_GDP","A","2009",1.21787466447265,
"ITA","GDEXPRD","TOT","PC_GDP","A","2010",1.21797001811107,
"ITA","GDEXPRD","TOT","PC_GDP","A","2011",1.20154846460586,
"ITA","GDEXPRD","TOT","PC_GDP","A","2012",1.26219042628946,
"ITA","GDEXPRD","TOT","PC_GDP","A","2013",1.30107475343533,
"ITA","GDEXPRD","TOT","PC_GDP","A","2014",1.33840482053153,
"ITA","GDEXPRD","TOT","PC_GDP","A","2015",1.33850442956345,
"ITA","GDEXPRD","TOT","PC_GDP","A","2016",1.36642247716517,
"ITA","GDEXPRD","TOT","PC_GDP","A","2017",1.37013409245967,
"ITA","GDEXPRD","TOT","PC_GDP","A","2018",1.42212736519664,
"ITA","GDEXPRD","TOT","PC_GDP","A","2019",1.44766556390373,
"JPN","GDEXPRD","TOT","PC_GDP","A","1996",2.69206394971234,
"JPN","GDEXPRD","TOT","PC_GDP","A","1997",2.76967850339563,
"JPN","GDEXPRD","TOT","PC_GDP","A","1998",2.8736250819083,
"JPN","GDEXPRD","TOT","PC_GDP","A","1999",2.89283323948844,
"JPN","GDEXPRD","TOT","PC_GDP","A","2000",2.90568609432966,
"JPN","GDEXPRD","TOT","PC_GDP","A","2001",2.97183047963213,
"JPN","GDEXPRD","TOT","PC_GDP","A","2002",3.01393971389157,
"JPN","GDEXPRD","TOT","PC_GDP","A","2003",3.04295337588793,
"JPN","GDEXPRD","TOT","PC_GDP","A","2004",3.02951846706134,
"JPN","GDEXPRD","TOT","PC_GDP","A","2005",3.18099382446586,
"JPN","GDEXPRD","TOT","PC_GDP","A","2006",3.27844306774393,
"JPN","GDEXPRD","TOT","PC_GDP","A","2007",3.33959602639291,
"JPN","GDEXPRD","TOT","PC_GDP","A","2008",3.33717996211752,
"JPN","GDEXPRD","TOT","PC_GDP","A","2009",3.23139850582532,
"JPN","GDEXPRD","TOT","PC_GDP","A","2010",3.13707537804742,
"JPN","GDEXPRD","TOT","PC_GDP","A","2011",3.24476642141925,
"JPN","GDEXPRD","TOT","PC_GDP","A","2012",3.20908393695455,
"JPN","GDEXPRD","TOT","PC_GDP","A","2013",3.31495982714583,
"JPN","GDEXPRD","TOT","PC_GDP","A","2014",3.40021853521083,
"JPN","GDEXPRD","TOT","PC_GDP","A","2015",3.28164920637251,
"JPN","GDEXPRD","TOT","PC_GDP","A","2016",3.15786429028646,
"JPN","GDEXPRD","TOT","PC_GDP","A","2017",3.20797662710978,
"JPN","GDEXPRD","TOT","PC_GDP","A","2018",3.27511951097143,
"JPN","GDEXPRD","TOT","PC_GDP","A","2019",3.24073389203157,
"KOR","GDEXPRD","TOT","PC_GDP","A","1996",2.21616177132404,
"KOR","GDEXPRD","TOT","PC_GDP","A","1997",2.24829640787171,
"KOR","GDEXPRD","TOT","PC_GDP","A","1998",2.11025579502296,
"KOR","GDEXPRD","TOT","PC_GDP","A","1999",2.01567191306833,
"KOR","GDEXPRD","TOT","PC_GDP","A","2000",2.12519489456051,
"KOR","GDEXPRD","TOT","PC_GDP","A","2001",2.27864719210015,
"KOR","GDEXPRD","TOT","PC_GDP","A","2002",2.20774425915904,
"KOR","GDEXPRD","TOT","PC_GDP","A","2003",2.27722450783111,
"KOR","GDEXPRD","TOT","PC_GDP","A","2004",2.44213848730878,
"KOR","GDEXPRD","TOT","PC_GDP","A","2005",2.52289614117866,
"KOR","GDEXPRD","TOT","PC_GDP","A","2006",2.71933803798025,
"KOR","GDEXPRD","TOT","PC_GDP","A","2007",2.87258149467146,
"KOR","GDEXPRD","TOT","PC_GDP","A","2008",2.98887200451562,
"KOR","GDEXPRD","TOT","PC_GDP","A","2009",3.14668557794568,
"KOR","GDEXPRD","TOT","PC_GDP","A","2010",3.31577672130706,
"KOR","GDEXPRD","TOT","PC_GDP","A","2011",3.59198522078608,
"KOR","GDEXPRD","TOT","PC_GDP","A","2012",3.8504046040466,
"KOR","GDEXPRD","TOT","PC_GDP","A","2013",3.95123898209984,
"KOR","GDEXPRD","TOT","PC_GDP","A","2014",4.07786475718761,
"KOR","GDEXPRD","TOT","PC_GDP","A","2015",3.97820025175806,
"KOR","GDEXPRD","TOT","PC_GDP","A","2016",3.98703718069077,
"KOR","GDEXPRD","TOT","PC_GDP","A","2017",4.29205559905964,
"KOR","GDEXPRD","TOT","PC_GDP","A","2018",4.51633383979877,
"KOR","GDEXPRD","TOT","PC_GDP","A","2019",4.64018893604036,
"LUX","GDEXPRD","TOT","PC_GDP","A","2000",1.5767294661967,
"LUX","GDEXPRD","TOT","PC_GDP","A","2003",1.62594858138087,
"LUX","GDEXPRD","TOT","PC_GDP","A","2004",1.60261883023073,
"LUX","GDEXPRD","TOT","PC_GDP","A","2005",1.57170714034546,
"LUX","GDEXPRD","TOT","PC_GDP","A","2006",1.66674332404226,
"LUX","GDEXPRD","TOT","PC_GDP","A","2007",1.59122637155927,
"LUX","GDEXPRD","TOT","PC_GDP","A","2008",1.62292952890117,
"LUX","GDEXPRD","TOT","PC_GDP","A","2009",1.67749709903721,
"LUX","GDEXPRD","TOT","PC_GDP","A","2010",1.50257062281042,
"LUX","GDEXPRD","TOT","PC_GDP","A","2011",1.46277117620749,
"LUX","GDEXPRD","TOT","PC_GDP","A","2012",1.27267391249497,
"LUX","GDEXPRD","TOT","PC_GDP","A","2013",1.30266006818129,
"LUX","GDEXPRD","TOT","PC_GDP","A","2014",1.26403661684072,
"LUX","GDEXPRD","TOT","PC_GDP","A","2015",1.30219817197497,
"LUX","GDEXPRD","TOT","PC_GDP","A","2016",1.29786023654592,
"LUX","GDEXPRD","TOT","PC_GDP","A","2017",1.26852065234172,
"LUX","GDEXPRD","TOT","PC_GDP","A","2018",1.17312879961765,
"LUX","GDEXPRD","TOT","PC_GDP","A","2019",1.19181937698673,
"MEX","GDEXPRD","TOT","PC_GDP","A","1996",0.25066855682781,
"MEX","GDEXPRD","TOT","PC_GDP","A","1997",0.27619768464524,
"MEX","GDEXPRD","TOT","PC_GDP","A","1998",0.30195827901094,
"MEX","GDEXPRD","TOT","PC_GDP","A","1999",0.34410006892558,
"MEX","GDEXPRD","TOT","PC_GDP","A","2000",0.30613490296958,
"MEX","GDEXPRD","TOT","PC_GDP","A","2001",0.32417989758123,
"MEX","GDEXPRD","TOT","PC_GDP","A","2002",0.35429617826511,
"MEX","GDEXPRD","TOT","PC_GDP","A","2003",0.39313926448005,
"MEX","GDEXPRD","TOT","PC_GDP","A","2004",0.38816281763517,
"MEX","GDEXPRD","TOT","PC_GDP","A","2005",0.39843858616112,
"MEX","GDEXPRD","TOT","PC_GDP","A","2006",0.36921725615333,
"MEX","GDEXPRD","TOT","PC_GDP","A","2007",0.39833377324488,
"MEX","GDEXPRD","TOT","PC_GDP","A","2008",0.44387002545936,
"MEX","GDEXPRD","TOT","PC_GDP","A","2009",0.47953878397935,
"MEX","GDEXPRD","TOT","PC_GDP","A","2010",0.49484858369283,
"MEX","GDEXPRD","TOT","PC_GDP","A","2011",0.47129143770994,
"MEX","GDEXPRD","TOT","PC_GDP","A","2012",0.42096051350064,
"MEX","GDEXPRD","TOT","PC_GDP","A","2013",0.4250281774398,
"MEX","GDEXPRD","TOT","PC_GDP","A","2014",0.43530090615191,
"MEX","GDEXPRD","TOT","PC_GDP","A","2015",0.42942715223025,
"MEX","GDEXPRD","TOT","PC_GDP","A","2016",0.38777599286639,
"MEX","GDEXPRD","TOT","PC_GDP","A","2017",0.32831670238966,
"MEX","GDEXPRD","TOT","PC_GDP","A","2018",0.30712431864935,
"MEX","GDEXPRD","TOT","PC_GDP","A","2019",0.28396710883416,
"NLD","GDEXPRD","TOT","PC_GDP","A","1996",1.84092889407327,
"NLD","GDEXPRD","TOT","PC_GDP","A","1997",1.84477397993746,
"NLD","GDEXPRD","TOT","PC_GDP","A","1998",1.74206397012389,
"NLD","GDEXPRD","TOT","PC_GDP","A","1999",1.82282416159863,
"NLD","GDEXPRD","TOT","PC_GDP","A","2000",1.7897952907809,
"NLD","GDEXPRD","TOT","PC_GDP","A","2001",1.79608658569232,
"NLD","GDEXPRD","TOT","PC_GDP","A","2002",1.74543089015579,
"NLD","GDEXPRD","TOT","PC_GDP","A","2003",1.78389656987968,
"NLD","GDEXPRD","TOT","PC_GDP","A","2004",1.78901387907483,
"NLD","GDEXPRD","TOT","PC_GDP","A","2005",1.77387938999751,
"NLD","GDEXPRD","TOT","PC_GDP","A","2006",1.74066711601824,
"NLD","GDEXPRD","TOT","PC_GDP","A","2007",1.6703005636578,
"NLD","GDEXPRD","TOT","PC_GDP","A","2008",1.62268733834159,
"NLD","GDEXPRD","TOT","PC_GDP","A","2009",1.66570108923536,
"NLD","GDEXPRD","TOT","PC_GDP","A","2010",1.70403966288426,
"NLD","GDEXPRD","TOT","PC_GDP","A","2011",1.88131473539999,
"NLD","GDEXPRD","TOT","PC_GDP","A","2012",1.91627374916918,
"NLD","GDEXPRD","TOT","PC_GDP","A","2013",2.15606324654068,
"NLD","GDEXPRD","TOT","PC_GDP","A","2014",2.17329799273334,
"NLD","GDEXPRD","TOT","PC_GDP","A","2015",2.14606207464261,
"NLD","GDEXPRD","TOT","PC_GDP","A","2016",2.15081239579466,
"NLD","GDEXPRD","TOT","PC_GDP","A","2017",2.17856629989189,
"NLD","GDEXPRD","TOT","PC_GDP","A","2018",2.13879561284621,
"NLD","GDEXPRD","TOT","PC_GDP","A","2019",2.16279727046197,
"NZL","GDEXPRD","TOT","PC_GDP","A","1997",1.05648519486715,
"NZL","GDEXPRD","TOT","PC_GDP","A","1999",0.96386968002897,
"NZL","GDEXPRD","TOT","PC_GDP","A","2001",1.1002859096277,
"NZL","GDEXPRD","TOT","PC_GDP","A","2003",1.14891143375178,
"NZL","GDEXPRD","TOT","PC_GDP","A","2005",1.12043305081105,
"NZL","GDEXPRD","TOT","PC_GDP","A","2007",1.15653030205724,
"NZL","GDEXPRD","TOT","PC_GDP","A","2009",1.25230335285822,
"NZL","GDEXPRD","TOT","PC_GDP","A","2011",1.23065527118954,
"NZL","GDEXPRD","TOT","PC_GDP","A","2013",1.15375194977634,
"NZL","GDEXPRD","TOT","PC_GDP","A","2015",1.23229751182786,
"NZL","GDEXPRD","TOT","PC_GDP","A","2017",1.34692013946538,
"NOR","GDEXPRD","TOT","PC_GDP","A","1997",1.59349536509717,
"NOR","GDEXPRD","TOT","PC_GDP","A","1999",1.60534696912117,
"NOR","GDEXPRD","TOT","PC_GDP","A","2001",1.56259069517089,
"NOR","GDEXPRD","TOT","PC_GDP","A","2002",1.62969739133109,
"NOR","GDEXPRD","TOT","PC_GDP","A","2003",1.67957940314645,
"NOR","GDEXPRD","TOT","PC_GDP","A","2004",1.54416103016231,
"NOR","GDEXPRD","TOT","PC_GDP","A","2005",1.48238656835447,
"NOR","GDEXPRD","TOT","PC_GDP","A","2006",1.4553152820648,
"NOR","GDEXPRD","TOT","PC_GDP","A","2007",1.56457418241125,
"NOR","GDEXPRD","TOT","PC_GDP","A","2008",1.55448028261395,
"NOR","GDEXPRD","TOT","PC_GDP","A","2009",1.72472010281324,
"NOR","GDEXPRD","TOT","PC_GDP","A","2010",1.64998828854102,
"NOR","GDEXPRD","TOT","PC_GDP","A","2011",1.62712345081773,
"NOR","GDEXPRD","TOT","PC_GDP","A","2012",1.62087182651592,
"NOR","GDEXPRD","TOT","PC_GDP","A","2013",1.65237703274004,
"NOR","GDEXPRD","TOT","PC_GDP","A","2014",1.71506176424328,
"NOR","GDEXPRD","TOT","PC_GDP","A","2015",1.93526032666831,
"NOR","GDEXPRD","TOT","PC_GDP","A","2016",2.04460213004673,
"NOR","GDEXPRD","TOT","PC_GDP","A","2017",2.09918607311686,
"NOR","GDEXPRD","TOT","PC_GDP","A","2018",2.04780944877459,
"NOR","GDEXPRD","TOT","PC_GDP","A","2019",2.15304072761349,
"POL","GDEXPRD","TOT","PC_GDP","A","1996",0.63936540425148,
"POL","GDEXPRD","TOT","PC_GDP","A","1997",0.64315265355485,
"POL","GDEXPRD","TOT","PC_GDP","A","1998",0.65970683722531,
"POL","GDEXPRD","TOT","PC_GDP","A","1999",0.68054793708212,
"POL","GDEXPRD","TOT","PC_GDP","A","2000",0.64077607641055,
"POL","GDEXPRD","TOT","PC_GDP","A","2001",0.62158690189214,
"POL","GDEXPRD","TOT","PC_GDP","A","2002",0.55674982209122,
"POL","GDEXPRD","TOT","PC_GDP","A","2003",0.53806164655221,
"POL","GDEXPRD","TOT","PC_GDP","A","2004",0.55249702333427,
"POL","GDEXPRD","TOT","PC_GDP","A","2005",0.56277952207404,
"POL","GDEXPRD","TOT","PC_GDP","A","2006",0.55102199206868,
"POL","GDEXPRD","TOT","PC_GDP","A","2007",0.56193305645099,
"POL","GDEXPRD","TOT","PC_GDP","A","2008",0.59943791513654,
"POL","GDEXPRD","TOT","PC_GDP","A","2009",0.66105938302874,
"POL","GDEXPRD","TOT","PC_GDP","A","2010",0.71992557594323,
"POL","GDEXPRD","TOT","PC_GDP","A","2011",0.74663424588133,
"POL","GDEXPRD","TOT","PC_GDP","A","2012",0.88410303540256,
"POL","GDEXPRD","TOT","PC_GDP","A","2013",0.87590877402649,
"POL","GDEXPRD","TOT","PC_GDP","A","2014",0.94482142815402,
"POL","GDEXPRD","TOT","PC_GDP","A","2015",1.00275274386046,
"POL","GDEXPRD","TOT","PC_GDP","A","2016",0.96287229264277,
"POL","GDEXPRD","TOT","PC_GDP","A","2017",1.03418122608156,
"POL","GDEXPRD","TOT","PC_GDP","A","2018",1.20891476299224,
"POL","GDEXPRD","TOT","PC_GDP","A","2019",1.32378795124267,
"PRT","GDEXPRD","TOT","PC_GDP","A","1996",0.54949790022089,
"PRT","GDEXPRD","TOT","PC_GDP","A","1997",0.56374210958248,
"PRT","GDEXPRD","TOT","PC_GDP","A","1998",0.62485754249348,
"PRT","GDEXPRD","TOT","PC_GDP","A","1999",0.68120773069774,
"PRT","GDEXPRD","TOT","PC_GDP","A","2000",0.72156168564993,
"PRT","GDEXPRD","TOT","PC_GDP","A","2001",0.76481803208719,
"PRT","GDEXPRD","TOT","PC_GDP","A","2002",0.72183488255276,
"PRT","GDEXPRD","TOT","PC_GDP","A","2003",0.69801875372199,
"PRT","GDEXPRD","TOT","PC_GDP","A","2004",0.72929923448516,
"PRT","GDEXPRD","TOT","PC_GDP","A","2005",0.75754722827054,
"PRT","GDEXPRD","TOT","PC_GDP","A","2006",0.95447950408464,
"PRT","GDEXPRD","TOT","PC_GDP","A","2007",1.12417048493379,
"PRT","GDEXPRD","TOT","PC_GDP","A","2008",1.44334715830013,
"PRT","GDEXPRD","TOT","PC_GDP","A","2009",1.58001139881778,
"PRT","GDEXPRD","TOT","PC_GDP","A","2010",1.53529471635998,
"PRT","GDEXPRD","TOT","PC_GDP","A","2011",1.45741380146193,
"PRT","GDEXPRD","TOT","PC_GDP","A","2012",1.37860599288862,
"PRT","GDEXPRD","TOT","PC_GDP","A","2013",1.3246764997519,
"PRT","GDEXPRD","TOT","PC_GDP","A","2014",1.289916954155,
"PRT","GDEXPRD","TOT","PC_GDP","A","2015",1.24329793791004,
"PRT","GDEXPRD","TOT","PC_GDP","A","2016",1.2807493273721,
"PRT","GDEXPRD","TOT","PC_GDP","A","2017",1.31928366318663,
"PRT","GDEXPRD","TOT","PC_GDP","A","2018",1.34955485152448,
"PRT","GDEXPRD","TOT","PC_GDP","A","2019",1.4026485969382,
"SVK","GDEXPRD","TOT","PC_GDP","A","1996",0.88962642311341,
"SVK","GDEXPRD","TOT","PC_GDP","A","1997",1.05108170207438,
"SVK","GDEXPRD","TOT","PC_GDP","A","1998",0.76541232482619,
"SVK","GDEXPRD","TOT","PC_GDP","A","1999",0.64475078630902,
"SVK","GDEXPRD","TOT","PC_GDP","A","2000",0.63806500984316,
"SVK","GDEXPRD","TOT","PC_GDP","A","2001",0.62465233579417,
"SVK","GDEXPRD","TOT","PC_GDP","A","2002",0.56313930867009,
"SVK","GDEXPRD","TOT","PC_GDP","A","2003",0.5614545644212,
"SVK","GDEXPRD","TOT","PC_GDP","A","2004",0.5006921895853,
"SVK","GDEXPRD","TOT","PC_GDP","A","2005",0.49331622796919,
"SVK","GDEXPRD","TOT","PC_GDP","A","2006",0.47488011525613,
"SVK","GDEXPRD","TOT","PC_GDP","A","2007",0.44745820329485,
"SVK","GDEXPRD","TOT","PC_GDP","A","2008",0.46137459725857,
"SVK","GDEXPRD","TOT","PC_GDP","A","2009",0.47272306196631,
"SVK","GDEXPRD","TOT","PC_GDP","A","2010",0.61061289201024,
"SVK","GDEXPRD","TOT","PC_GDP","A","2011",0.65695621016057,
"SVK","GDEXPRD","TOT","PC_GDP","A","2012",0.79540476202385,
"SVK","GDEXPRD","TOT","PC_GDP","A","2013",0.82053235082673,
"SVK","GDEXPRD","TOT","PC_GDP","A","2014",0.87797832402836,
"SVK","GDEXPRD","TOT","PC_GDP","A","2015",1.16246749117223,
"SVK","GDEXPRD","TOT","PC_GDP","A","2016",0.79065163248862,
"SVK","GDEXPRD","TOT","PC_GDP","A","2017",0.88599974890039,
"SVK","GDEXPRD","TOT","PC_GDP","A","2018",0.83899531275763,
"SVK","GDEXPRD","TOT","PC_GDP","A","2019",0.82734571522728,
"ESP","GDEXPRD","TOT","PC_GDP","A","1996",0.7875327083031,
"ESP","GDEXPRD","TOT","PC_GDP","A","1997",0.77780654854526,
"ESP","GDEXPRD","TOT","PC_GDP","A","1998",0.84803508072943,
"ESP","GDEXPRD","TOT","PC_GDP","A","1999",0.83853703818721,
"ESP","GDEXPRD","TOT","PC_GDP","A","2000",0.8827628575089,
"ESP","GDEXPRD","TOT","PC_GDP","A","2001",0.88833369234786,
"ESP","GDEXPRD","TOT","PC_GDP","A","2002",0.95971166776955,
"ESP","GDEXPRD","TOT","PC_GDP","A","2003",1.0237297853829,
"ESP","GDEXPRD","TOT","PC_GDP","A","2004",1.04088618479307,
"ESP","GDEXPRD","TOT","PC_GDP","A","2005",1.09956262798469,
"ESP","GDEXPRD","TOT","PC_GDP","A","2006",1.17702203476111,
"ESP","GDEXPRD","TOT","PC_GDP","A","2007",1.24052875813894,
"ESP","GDEXPRD","TOT","PC_GDP","A","2008",1.32499772428419,
"ESP","GDEXPRD","TOT","PC_GDP","A","2009",1.36363621655945,
"ESP","GDEXPRD","TOT","PC_GDP","A","2010",1.35996388582551,
"ESP","GDEXPRD","TOT","PC_GDP","A","2011",1.33340740371681,
"ESP","GDEXPRD","TOT","PC_GDP","A","2012",1.29877022477958,
"ESP","GDEXPRD","TOT","PC_GDP","A","2013",1.27523139164285,
"ESP","GDEXPRD","TOT","PC_GDP","A","2014",1.24213118534178,
"ESP","GDEXPRD","TOT","PC_GDP","A","2015",1.22235729730231,
"ESP","GDEXPRD","TOT","PC_GDP","A","2016",1.19047619047619,
"ESP","GDEXPRD","TOT","PC_GDP","A","2017",1.21041772423178,
"ESP","GDEXPRD","TOT","PC_GDP","A","2018",1.24111369734131,
"ESP","GDEXPRD","TOT","PC_GDP","A","2019",1.25099214956635,
"SWE","GDEXPRD","TOT","PC_GDP","A","1997",3.27394392236682,
"SWE","GDEXPRD","TOT","PC_GDP","A","1999",3.38131723908299,
"SWE","GDEXPRD","TOT","PC_GDP","A","2001",3.873802776736,
"SWE","GDEXPRD","TOT","PC_GDP","A","2003",3.57947750939413,
"SWE","GDEXPRD","TOT","PC_GDP","A","2004",3.36128901410999,
"SWE","GDEXPRD","TOT","PC_GDP","A","2005",3.35957503791258,
"SWE","GDEXPRD","TOT","PC_GDP","A","2006",3.47499572344016,
"SWE","GDEXPRD","TOT","PC_GDP","A","2007",3.23382560135025,
"SWE","GDEXPRD","TOT","PC_GDP","A","2008",3.46999475126844,
"SWE","GDEXPRD","TOT","PC_GDP","A","2009",3.39528075070776,
"SWE","GDEXPRD","TOT","PC_GDP","A","2010",3.16788677799664,
"SWE","GDEXPRD","TOT","PC_GDP","A","2011",3.18701790952291,
"SWE","GDEXPRD","TOT","PC_GDP","A","2012",3.23024905118397,
"SWE","GDEXPRD","TOT","PC_GDP","A","2013",3.26041660399234,
"SWE","GDEXPRD","TOT","PC_GDP","A","2014",3.1018375898195,
"SWE","GDEXPRD","TOT","PC_GDP","A","2015",3.21903451966567,
"SWE","GDEXPRD","TOT","PC_GDP","A","2016",3.24736111705671,
"SWE","GDEXPRD","TOT","PC_GDP","A","2017",3.3627857077067,
"SWE","GDEXPRD","TOT","PC_GDP","A","2018",3.32106125833781,
"SWE","GDEXPRD","TOT","PC_GDP","A","2019",3.40413642575228,
"CHE","GDEXPRD","TOT","PC_GDP","A","1996",2.37392275333734,
"CHE","GDEXPRD","TOT","PC_GDP","A","2000",2.25880158383193,
"CHE","GDEXPRD","TOT","PC_GDP","A","2004",2.59777242843094,
"CHE","GDEXPRD","TOT","PC_GDP","A","2008",2.63883648748641,
"CHE","GDEXPRD","TOT","PC_GDP","A","2012",3.07544118555973,
"CHE","GDEXPRD","TOT","PC_GDP","A","2015",3.26443834927584,
"CHE","GDEXPRD","TOT","PC_GDP","A","2017",3.178757556506,
"TUR","GDEXPRD","TOT","PC_GDP","A","1996",0.32780949405099,
"TUR","GDEXPRD","TOT","PC_GDP","A","1997",0.35691598734761,
"TUR","GDEXPRD","TOT","PC_GDP","A","1998",0.36197542973979,
"TUR","GDEXPRD","TOT","PC_GDP","A","1999",0.45556811391423,
"TUR","GDEXPRD","TOT","PC_GDP","A","2000",0.46557721686347,
"TUR","GDEXPRD","TOT","PC_GDP","A","2001",0.52246985250192,
"TUR","GDEXPRD","TOT","PC_GDP","A","2002",0.50904140504978,
"TUR","GDEXPRD","TOT","PC_GDP","A","2003",0.46531583384034,
"TUR","GDEXPRD","TOT","PC_GDP","A","2004",0.49712659096281,
"TUR","GDEXPRD","TOT","PC_GDP","A","2005",0.56380674000322,
"TUR","GDEXPRD","TOT","PC_GDP","A","2006",0.55291754378785,
"TUR","GDEXPRD","TOT","PC_GDP","A","2007",0.68616419919932,
"TUR","GDEXPRD","TOT","PC_GDP","A","2008",0.68740995720261,
"TUR","GDEXPRD","TOT","PC_GDP","A","2009",0.80362421912884,
"TUR","GDEXPRD","TOT","PC_GDP","A","2010",0.79368604309492,
"TUR","GDEXPRD","TOT","PC_GDP","A","2011",0.79393058267988,
"TUR","GDEXPRD","TOT","PC_GDP","A","2012",0.82595222110821,
"TUR","GDEXPRD","TOT","PC_GDP","A","2013",0.81205989831297,
"TUR","GDEXPRD","TOT","PC_GDP","A","2014",0.85639863745089,
"TUR","GDEXPRD","TOT","PC_GDP","A","2015",0.87689333727456,
"TUR","GDEXPRD","TOT","PC_GDP","A","2016",0.93815693228615,
"TUR","GDEXPRD","TOT","PC_GDP","A","2017",0.95272161813092,
"TUR","GDEXPRD","TOT","PC_GDP","A","2018",1.02529095174149,
"TUR","GDEXPRD","TOT","PC_GDP","A","2019",1.06369576450232,
"GBR","GDEXPRD","TOT","PC_GDP","A","1996",1.58013369853351,
"GBR","GDEXPRD","TOT","PC_GDP","A","1997",1.53996322563699,
"GBR","GDEXPRD","TOT","PC_GDP","A","1998",1.54971576911237,
"GBR","GDEXPRD","TOT","PC_GDP","A","1999",1.62814189008533,
"GBR","GDEXPRD","TOT","PC_GDP","A","2000",1.61675335340816,
"GBR","GDEXPRD","TOT","PC_GDP","A","2001",1.60632480509498,
"GBR","GDEXPRD","TOT","PC_GDP","A","2002",1.61895002909055,
"GBR","GDEXPRD","TOT","PC_GDP","A","2003",1.58400653405382,
"GBR","GDEXPRD","TOT","PC_GDP","A","2004",1.53690551280913,
"GBR","GDEXPRD","TOT","PC_GDP","A","2005",1.55639688220996,
"GBR","GDEXPRD","TOT","PC_GDP","A","2006",1.57767051353794,
"GBR","GDEXPRD","TOT","PC_GDP","A","2007",1.61678284182306,
"GBR","GDEXPRD","TOT","PC_GDP","A","2008",1.61340668827422,
"GBR","GDEXPRD","TOT","PC_GDP","A","2009",1.67022169009882,
"GBR","GDEXPRD","TOT","PC_GDP","A","2010",1.64144189356717,
"GBR","GDEXPRD","TOT","PC_GDP","A","2011",1.64923943207234,
"GBR","GDEXPRD","TOT","PC_GDP","A","2012",1.5776652237158,
"GBR","GDEXPRD","TOT","PC_GDP","A","2013",1.62189047460704,
"GBR","GDEXPRD","TOT","PC_GDP","A","2014",1.64248355347911,
"GBR","GDEXPRD","TOT","PC_GDP","A","2015",1.64749554734453,
"GBR","GDEXPRD","TOT","PC_GDP","A","2016",1.66087134383309,
"GBR","GDEXPRD","TOT","PC_GDP","A","2017",1.6825852432161,
"GBR","GDEXPRD","TOT","PC_GDP","A","2018",1.73088236392703,
"GBR","GDEXPRD","TOT","PC_GDP","A","2019",1.75593959203476,
"USA","GDEXPRD","TOT","PC_GDP","A","1996",2.45000818171706,
"USA","GDEXPRD","TOT","PC_GDP","A","1997",2.47983094687156,
"USA","GDEXPRD","TOT","PC_GDP","A","1998",2.50401172174171,
"USA","GDEXPRD","TOT","PC_GDP","A","1999",2.54964793181944,
"USA","GDEXPRD","TOT","PC_GDP","A","2000",2.62879319242706,
"USA","GDEXPRD","TOT","PC_GDP","A","2001",2.64829629528828,
"USA","GDEXPRD","TOT","PC_GDP","A","2002",2.55925660485911,
"USA","GDEXPRD","TOT","PC_GDP","A","2003",2.56454609195858,
"USA","GDEXPRD","TOT","PC_GDP","A","2004",2.50242964270538,
"USA","GDEXPRD","TOT","PC_GDP","A","2005",2.51696814140027,
"USA","GDEXPRD","TOT","PC_GDP","A","2006",2.55764024881196,
"USA","GDEXPRD","TOT","PC_GDP","A","2007",2.6316058970956,
"USA","GDEXPRD","TOT","PC_GDP","A","2008",2.76790790632267,
"USA","GDEXPRD","TOT","PC_GDP","A","2009",2.81269923617884,
"USA","GDEXPRD","TOT","PC_GDP","A","2010",2.73540273206096,
"USA","GDEXPRD","TOT","PC_GDP","A","2011",2.76525483346332,
"USA","GDEXPRD","TOT","PC_GDP","A","2012",2.6816621120186,
"USA","GDEXPRD","TOT","PC_GDP","A","2013",2.71154030500479,
"USA","GDEXPRD","TOT","PC_GDP","A","2014",2.72149243195941,
"USA","GDEXPRD","TOT","PC_GDP","A","2015",2.71896488603845,
"USA","GDEXPRD","TOT","PC_GDP","A","2016",2.78820970308201,
"USA","GDEXPRD","TOT","PC_GDP","A","2017",2.84676646038629,
"USA","GDEXPRD","TOT","PC_GDP","A","2018",2.94720598009078,
"USA","GDEXPRD","TOT","PC_GDP","A","2019",3.06747570337755,
"ARG","GDEXPRD","TOT","PC_GDP","A","1996",0.37343648326224,
"ARG","GDEXPRD","TOT","PC_GDP","A","1997",0.3753099842412,
"ARG","GDEXPRD","TOT","PC_GDP","A","1998",0.367874965594,
"ARG","GDEXPRD","TOT","PC_GDP","A","1999",0.40549151729664,
"ARG","GDEXPRD","TOT","PC_GDP","A","2000",0.39249871758156,
"ARG","GDEXPRD","TOT","PC_GDP","A","2001",0.37976706022548,
"ARG","GDEXPRD","TOT","PC_GDP","A","2002",0.34779647825664,
"ARG","GDEXPRD","TOT","PC_GDP","A","2003",0.36681640383353,
"ARG","GDEXPRD","TOT","PC_GDP","A","2004",0.40375977116348,
"ARG","GDEXPRD","TOT","PC_GDP","A","2005",0.42074495956177,
"ARG","GDEXPRD","TOT","PC_GDP","A","2006",0.45215542467897,
"ARG","GDEXPRD","TOT","PC_GDP","A","2007",0.46006590994507,
"ARG","GDEXPRD","TOT","PC_GDP","A","2008",0.47054480873279,
"ARG","GDEXPRD","TOT","PC_GDP","A","2009",0.58705209004918,
"ARG","GDEXPRD","TOT","PC_GDP","A","2010",0.56405012263774,
"ARG","GDEXPRD","TOT","PC_GDP","A","2011",0.56933819916111,
"ARG","GDEXPRD","TOT","PC_GDP","A","2012",0.63887811111715,
"ARG","GDEXPRD","TOT","PC_GDP","A","2013",0.62233614461392,
"ARG","GDEXPRD","TOT","PC_GDP","A","2014",0.59249253387918,
"ARG","GDEXPRD","TOT","PC_GDP","A","2015",0.61854097910637,
"ARG","GDEXPRD","TOT","PC_GDP","A","2016",0.53019201749038,
"ARG","GDEXPRD","TOT","PC_GDP","A","2017",0.55712242705852,
"CHL","GDEXPRD","TOT","PC_GDP","A","2007",0.30956537535873,
"CHL","GDEXPRD","TOT","PC_GDP","A","2008",0.37496788897629,
"CHL","GDEXPRD","TOT","PC_GDP","A","2009",0.35202125310849,
"CHL","GDEXPRD","TOT","PC_GDP","A","2010",0.32947489593814,
"CHL","GDEXPRD","TOT","PC_GDP","A","2011",0.35144205732057,
"CHL","GDEXPRD","TOT","PC_GDP","A","2012",0.36220470205866,
"CHL","GDEXPRD","TOT","PC_GDP","A","2013",0.38869966151507,
"CHL","GDEXPRD","TOT","PC_GDP","A","2014",0.37503434196252,
"CHL","GDEXPRD","TOT","PC_GDP","A","2015",0.38072710566597,
"CHL","GDEXPRD","TOT","PC_GDP","A","2016",0.36934294459389,
"CHL","GDEXPRD","TOT","PC_GDP","A","2017",0.35591318357768,
"CHL","GDEXPRD","TOT","PC_GDP","A","2018",0.34953989079475,
"CHN","GDEXPRD","TOT","PC_GDP","A","1996",0.56323593302661,
"CHN","GDEXPRD","TOT","PC_GDP","A","1997",0.63872545944929,
"CHN","GDEXPRD","TOT","PC_GDP","A","1998",0.64688862674672,
"CHN","GDEXPRD","TOT","PC_GDP","A","1999",0.74963230585086,
"CHN","GDEXPRD","TOT","PC_GDP","A","2000",0.89316324973749,
"CHN","GDEXPRD","TOT","PC_GDP","A","2001",0.94033091263008,
"CHN","GDEXPRD","TOT","PC_GDP","A","2002",1.05786025662724,
"CHN","GDEXPRD","TOT","PC_GDP","A","2003",1.1203664624296,
"CHN","GDEXPRD","TOT","PC_GDP","A","2004",1.21498243328913,
"CHN","GDEXPRD","TOT","PC_GDP","A","2005",1.3079155920732,
"CHN","GDEXPRD","TOT","PC_GDP","A","2006",1.36853678821173,
"CHN","GDEXPRD","TOT","PC_GDP","A","2007",1.37369410383043,
"CHN","GDEXPRD","TOT","PC_GDP","A","2008",1.44592008760681,
"CHN","GDEXPRD","TOT","PC_GDP","A","2009",1.66479544654404,
"CHN","GDEXPRD","TOT","PC_GDP","A","2010",1.71372148792837,
"CHN","GDEXPRD","TOT","PC_GDP","A","2011",1.78034302154239,
"CHN","GDEXPRD","TOT","PC_GDP","A","2012",1.91214100040848,
"CHN","GDEXPRD","TOT","PC_GDP","A","2013",1.99786393995445,
"CHN","GDEXPRD","TOT","PC_GDP","A","2014",2.02243256022603,
"CHN","GDEXPRD","TOT","PC_GDP","A","2015",2.05701037020391,
"CHN","GDEXPRD","TOT","PC_GDP","A","2016",2.1003284198945,
"CHN","GDEXPRD","TOT","PC_GDP","A","2017",2.11602977395209,
"CHN","GDEXPRD","TOT","PC_GDP","A","2018",2.14057804190688,
"CHN","GDEXPRD","TOT","PC_GDP","A","2019",2.23477215919705,
"EST","GDEXPRD","TOT","PC_GDP","A","1998",0.56581901516426,
"EST","GDEXPRD","TOT","PC_GDP","A","1999",0.67646752711839,
"EST","GDEXPRD","TOT","PC_GDP","A","2000",0.59921794059136,
"EST","GDEXPRD","TOT","PC_GDP","A","2001",0.69786758792711,
"EST","GDEXPRD","TOT","PC_GDP","A","2002",0.71118565452739,
"EST","GDEXPRD","TOT","PC_GDP","A","2003",0.76436884400605,
"EST","GDEXPRD","TOT","PC_GDP","A","2004",0.84594344843212,
"EST","GDEXPRD","TOT","PC_GDP","A","2005",0.91759298282793,
"EST","GDEXPRD","TOT","PC_GDP","A","2006",1.11346232350338,
"EST","GDEXPRD","TOT","PC_GDP","A","2007",1.0589098265575,
"EST","GDEXPRD","TOT","PC_GDP","A","2008",1.25036192879597,
"EST","GDEXPRD","TOT","PC_GDP","A","2009",1.38893842710697,
"EST","GDEXPRD","TOT","PC_GDP","A","2010",1.56602439775473,
"EST","GDEXPRD","TOT","PC_GDP","A","2011",2.28440163552601,
"EST","GDEXPRD","TOT","PC_GDP","A","2012",2.10902577430466,
"EST","GDEXPRD","TOT","PC_GDP","A","2013",1.71301359814344,
"EST","GDEXPRD","TOT","PC_GDP","A","2014",1.42089271156459,
"EST","GDEXPRD","TOT","PC_GDP","A","2015",1.45711128481733,
"EST","GDEXPRD","TOT","PC_GDP","A","2016",1.23265690514322,
"EST","GDEXPRD","TOT","PC_GDP","A","2017",1.27556047012954,
"EST","GDEXPRD","TOT","PC_GDP","A","2018",1.4096901842641,
"EST","GDEXPRD","TOT","PC_GDP","A","2019",1.61124703933001,
"ISR","GDEXPRD","TOT","PC_GDP","A","1996",2.58038474365286,
"ISR","GDEXPRD","TOT","PC_GDP","A","1997",2.80041663542983,
"ISR","GDEXPRD","TOT","PC_GDP","A","1998",2.91205317484233,
"ISR","GDEXPRD","TOT","PC_GDP","A","1999",3.32264630631339,
"ISR","GDEXPRD","TOT","PC_GDP","A","2000",3.9225483401854,
"ISR","GDEXPRD","TOT","PC_GDP","A","2001",4.17539407278618,
"ISR","GDEXPRD","TOT","PC_GDP","A","2002",4.12088137155501,
"ISR","GDEXPRD","TOT","PC_GDP","A","2003",3.88191159466542,
"ISR","GDEXPRD","TOT","PC_GDP","A","2004",3.86628283121491,
"ISR","GDEXPRD","TOT","PC_GDP","A","2005",4.04445284672622,
"ISR","GDEXPRD","TOT","PC_GDP","A","2006",4.13765667705077,
"ISR","GDEXPRD","TOT","PC_GDP","A","2007",4.4196612111938,
"ISR","GDEXPRD","TOT","PC_GDP","A","2008",4.33757343387034,
"ISR","GDEXPRD","TOT","PC_GDP","A","2009",4.13231466394181,
"ISR","GDEXPRD","TOT","PC_GDP","A","2010",3.93533895449615,
"ISR","GDEXPRD","TOT","PC_GDP","A","2011",4.02231575870419,
"ISR","GDEXPRD","TOT","PC_GDP","A","2012",4.16158165579106,
"ISR","GDEXPRD","TOT","PC_GDP","A","2013",4.09531216734578,
"ISR","GDEXPRD","TOT","PC_GDP","A","2014",4.16739110281085,
"ISR","GDEXPRD","TOT","PC_GDP","A","2015",4.26085463107085,
"ISR","GDEXPRD","TOT","PC_GDP","A","2016",4.51664021168796,
"ISR","GDEXPRD","TOT","PC_GDP","A","2017",4.69121254050978,
"ISR","GDEXPRD","TOT","PC_GDP","A","2018",4.84622223657283,
"ISR","GDEXPRD","TOT","PC_GDP","A","2019",4.93443121798187,
"ROU","GDEXPRD","TOT","PC_GDP","A","1996",0.67471833645073,
"ROU","GDEXPRD","TOT","PC_GDP","A","1997",0.57450911957208,
"ROU","GDEXPRD","TOT","PC_GDP","A","1998",0.49540744223499,
"ROU","GDEXPRD","TOT","PC_GDP","A","1999",0.39832276368491,
"ROU","GDEXPRD","TOT","PC_GDP","A","2000",0.36625849633562,
"ROU","GDEXPRD","TOT","PC_GDP","A","2001",0.39129178116966,
"ROU","GDEXPRD","TOT","PC_GDP","A","2002",0.37721182230424,
"ROU","GDEXPRD","TOT","PC_GDP","A","2003",0.39707905892946,
"ROU","GDEXPRD","TOT","PC_GDP","A","2004",0.38942270635744,
"ROU","GDEXPRD","TOT","PC_GDP","A","2005",0.41262363527537,
"ROU","GDEXPRD","TOT","PC_GDP","A","2006",0.45681821762351,
"ROU","GDEXPRD","TOT","PC_GDP","A","2007",0.51148238711122,
"ROU","GDEXPRD","TOT","PC_GDP","A","2008",0.55215060316623,
"ROU","GDEXPRD","TOT","PC_GDP","A","2009",0.44395024697944,
"ROU","GDEXPRD","TOT","PC_GDP","A","2010",0.45665104741686,
"ROU","GDEXPRD","TOT","PC_GDP","A","2011",0.49863667244658,
"ROU","GDEXPRD","TOT","PC_GDP","A","2012",0.48542284028482,
"ROU","GDEXPRD","TOT","PC_GDP","A","2013",0.3881738412562,
"ROU","GDEXPRD","TOT","PC_GDP","A","2014",0.38161067898813,
"ROU","GDEXPRD","TOT","PC_GDP","A","2015",0.48838137013209,
"ROU","GDEXPRD","TOT","PC_GDP","A","2016",0.48125842578922,
"ROU","GDEXPRD","TOT","PC_GDP","A","2017",0.50321816509862,
"ROU","GDEXPRD","TOT","PC_GDP","A","2018",0.50111764762745,
"ROU","GDEXPRD","TOT","PC_GDP","A","2019",0.47795025699111,
"RUS","GDEXPRD","TOT","PC_GDP","A","1996",0.90022593437424,
"RUS","GDEXPRD","TOT","PC_GDP","A","1997",0.97275530113939,
"RUS","GDEXPRD","TOT","PC_GDP","A","1998",0.88896004805333,
"RUS","GDEXPRD","TOT","PC_GDP","A","1999",0.92847940817669,
"RUS","GDEXPRD","TOT","PC_GDP","A","2000",0.97843668483818,
"RUS","GDEXPRD","TOT","PC_GDP","A","2001",1.09690033148647,
"RUS","GDEXPRD","TOT","PC_GDP","A","2002",1.16174485314641,
"RUS","GDEXPRD","TOT","PC_GDP","A","2003",1.19732117543917,
"RUS","GDEXPRD","TOT","PC_GDP","A","2004",1.07191320818482,
"RUS","GDEXPRD","TOT","PC_GDP","A","2005",0.99429683185172,
"RUS","GDEXPRD","TOT","PC_GDP","A","2006",0.99892586809497,
"RUS","GDEXPRD","TOT","PC_GDP","A","2007",1.03912283128139,
"RUS","GDEXPRD","TOT","PC_GDP","A","2008",0.97230527045589,
"RUS","GDEXPRD","TOT","PC_GDP","A","2009",1.16555778919433,
"RUS","GDEXPRD","TOT","PC_GDP","A","2010",1.05223284615462,
"RUS","GDEXPRD","TOT","PC_GDP","A","2011",1.01544846770538,
"RUS","GDEXPRD","TOT","PC_GDP","A","2012",1.02765690153822,
"RUS","GDEXPRD","TOT","PC_GDP","A","2013",1.02732122689714,
"RUS","GDEXPRD","TOT","PC_GDP","A","2014",1.07241119823246,
"RUS","GDEXPRD","TOT","PC_GDP","A","2015",1.10085228234373,
"RUS","GDEXPRD","TOT","PC_GDP","A","2016",1.10238071879667,
"RUS","GDEXPRD","TOT","PC_GDP","A","2017",1.10966615734981,
"RUS","GDEXPRD","TOT","PC_GDP","A","2018",0.98274984278188,
"RUS","GDEXPRD","TOT","PC_GDP","A","2019",1.03119256302332,
"SGP","GDEXPRD","TOT","PC_GDP","A","1996",1.31991156026196,
"SGP","GDEXPRD","TOT","PC_GDP","A","1997",1.41564418986657,
"SGP","GDEXPRD","TOT","PC_GDP","A","1998",1.73707374321223,
"SGP","GDEXPRD","TOT","PC_GDP","A","1999",1.81624445804345,
"SGP","GDEXPRD","TOT","PC_GDP","A","2000",1.8169874976152,
"SGP","GDEXPRD","TOT","PC_GDP","A","2001",2.00930660730357,
"SGP","GDEXPRD","TOT","PC_GDP","A","2002",2.0328175157108,
"SGP","GDEXPRD","TOT","PC_GDP","A","2003",1.99679163685891,
"SGP","GDEXPRD","TOT","PC_GDP","A","2004",2.0785926257374,
"SGP","GDEXPRD","TOT","PC_GDP","A","2005",2.14812220587337,
"SGP","GDEXPRD","TOT","PC_GDP","A","2006",2.11660543668074,
"SGP","GDEXPRD","TOT","PC_GDP","A","2007",2.31988106972705,
"SGP","GDEXPRD","TOT","PC_GDP","A","2008",2.5967395970528,
"SGP","GDEXPRD","TOT","PC_GDP","A","2009",2.12924118564632,
"SGP","GDEXPRD","TOT","PC_GDP","A","2010",1.93137441697522,
"SGP","GDEXPRD","TOT","PC_GDP","A","2011",2.07065016468494,
"SGP","GDEXPRD","TOT","PC_GDP","A","2012",1.91938617649731,
"SGP","GDEXPRD","TOT","PC_GDP","A","2013",1.923349242589,
"SGP","GDEXPRD","TOT","PC_GDP","A","2014",2.08463561282062,
"SGP","GDEXPRD","TOT","PC_GDP","A","2015",2.18198104543197,
"SGP","GDEXPRD","TOT","PC_GDP","A","2016",2.07629307466161,
"SGP","GDEXPRD","TOT","PC_GDP","A","2017",1.91949823663026,
"SGP","GDEXPRD","TOT","PC_GDP","A","2018",1.84383760512615,
"SVN","GDEXPRD","TOT","PC_GDP","A","1996",1.26473070654168,
"SVN","GDEXPRD","TOT","PC_GDP","A","1997",1.24643136622129,
"SVN","GDEXPRD","TOT","PC_GDP","A","1998",1.3051463746702,
"SVN","GDEXPRD","TOT","PC_GDP","A","1999",1.33687768566812,
"SVN","GDEXPRD","TOT","PC_GDP","A","2000",1.35981661321034,
"SVN","GDEXPRD","TOT","PC_GDP","A","2001",1.46767005657844,
"SVN","GDEXPRD","TOT","PC_GDP","A","2002",1.44324751605762,
"SVN","GDEXPRD","TOT","PC_GDP","A","2003",1.24791644598226,
"SVN","GDEXPRD","TOT","PC_GDP","A","2004",1.37026396609324,
"SVN","GDEXPRD","TOT","PC_GDP","A","2005",1.41777554474893,
"SVN","GDEXPRD","TOT","PC_GDP","A","2006",1.537052303453,
"SVN","GDEXPRD","TOT","PC_GDP","A","2007",1.42703358676773,
"SVN","GDEXPRD","TOT","PC_GDP","A","2008",1.62673184099836,
"SVN","GDEXPRD","TOT","PC_GDP","A","2009",1.81184118432154,
"SVN","GDEXPRD","TOT","PC_GDP","A","2010",2.05132509615882,
"SVN","GDEXPRD","TOT","PC_GDP","A","2011",2.41297117799824,
"SVN","GDEXPRD","TOT","PC_GDP","A","2012",2.56061300908942,
"SVN","GDEXPRD","TOT","PC_GDP","A","2013",2.56486823771297,
"SVN","GDEXPRD","TOT","PC_GDP","A","2014",2.3654795999831,
"SVN","GDEXPRD","TOT","PC_GDP","A","2015",2.19564741013188,
"SVN","GDEXPRD","TOT","PC_GDP","A","2016",2.0076370399954,
"SVN","GDEXPRD","TOT","PC_GDP","A","2017",1.86539699292364,
"SVN","GDEXPRD","TOT","PC_GDP","A","2018",1.94651855399344,
"SVN","GDEXPRD","TOT","PC_GDP","A","2019",2.04423270119041,
"ZAF","GDEXPRD","TOT","PC_GDP","A","1997",0.58354441721648,
"ZAF","GDEXPRD","TOT","PC_GDP","A","2001",0.71578101080731,
"ZAF","GDEXPRD","TOT","PC_GDP","A","2003",0.76051125228736,
"ZAF","GDEXPRD","TOT","PC_GDP","A","2004",0.81334104913712,
"ZAF","GDEXPRD","TOT","PC_GDP","A","2005",0.86315110409979,
"ZAF","GDEXPRD","TOT","PC_GDP","A","2006",0.89814994019789,
"ZAF","GDEXPRD","TOT","PC_GDP","A","2007",0.88286519756796,
"ZAF","GDEXPRD","TOT","PC_GDP","A","2008",0.88815898944013,
"ZAF","GDEXPRD","TOT","PC_GDP","A","2009",0.83562101498718,
"ZAF","GDEXPRD","TOT","PC_GDP","A","2010",0.73703579055974,
"ZAF","GDEXPRD","TOT","PC_GDP","A","2011",0.73451375694868,
"ZAF","GDEXPRD","TOT","PC_GDP","A","2012",0.73362955846813,
"ZAF","GDEXPRD","TOT","PC_GDP","A","2013",0.72487965645514,
"ZAF","GDEXPRD","TOT","PC_GDP","A","2014",0.77115062391196,
"ZAF","GDEXPRD","TOT","PC_GDP","A","2015",0.79845934926632,
"ZAF","GDEXPRD","TOT","PC_GDP","A","2016",0.81882256931164,
"ZAF","GDEXPRD","TOT","PC_GDP","A","2017",0.8321464094459,
"TWN","GDEXPRD","TOT","PC_GDP","A","1996",1.71771586311316,
"TWN","GDEXPRD","TOT","PC_GDP","A","1997",1.79573032006689,
"TWN","GDEXPRD","TOT","PC_GDP","A","1998",1.88393609187882,
"TWN","GDEXPRD","TOT","PC_GDP","A","1999",1.94319267850701,
"TWN","GDEXPRD","TOT","PC_GDP","A","2000",1.91344168633949,
"TWN","GDEXPRD","TOT","PC_GDP","A","2001",2.02554937803309,
"TWN","GDEXPRD","TOT","PC_GDP","A","2002",2.11109205081296,
"TWN","GDEXPRD","TOT","PC_GDP","A","2003",2.22392141306106,
"TWN","GDEXPRD","TOT","PC_GDP","A","2004",2.27031180181578,
"TWN","GDEXPRD","TOT","PC_GDP","A","2005",2.33436919398422,
"TWN","GDEXPRD","TOT","PC_GDP","A","2006",2.44211685295954,
"TWN","GDEXPRD","TOT","PC_GDP","A","2007",2.48296433895152,
"TWN","GDEXPRD","TOT","PC_GDP","A","2008",2.67231012835095,
"TWN","GDEXPRD","TOT","PC_GDP","A","2009",2.84108909601922,
"TWN","GDEXPRD","TOT","PC_GDP","A","2010",2.81557396433416,
"TWN","GDEXPRD","TOT","PC_GDP","A","2011",2.91229035426496,
"TWN","GDEXPRD","TOT","PC_GDP","A","2012",2.95683306062524,
"TWN","GDEXPRD","TOT","PC_GDP","A","2013",3.00203880826238,
"TWN","GDEXPRD","TOT","PC_GDP","A","2014",2.98031559977106,
"TWN","GDEXPRD","TOT","PC_GDP","A","2015",2.99980018022607,
"TWN","GDEXPRD","TOT","PC_GDP","A","2016",3.08600800526087,
"TWN","GDEXPRD","TOT","PC_GDP","A","2017",3.19463146224671,
"TWN","GDEXPRD","TOT","PC_GDP","A","2018",3.35817255937862,
"TWN","GDEXPRD","TOT","PC_GDP","A","2019",3.49865254615676,
"OECD","GDEXPRD","TOT","PC_GDP","A","1996",1.97513115579323,
"OECD","GDEXPRD","TOT","PC_GDP","A","1997",1.99607083671418,
"OECD","GDEXPRD","TOT","PC_GDP","A","1998",2.02775540255796,
"OECD","GDEXPRD","TOT","PC_GDP","A","1999",2.07165699451682,
"OECD","GDEXPRD","TOT","PC_GDP","A","2000",2.09777511733358,
"OECD","GDEXPRD","TOT","PC_GDP","A","2001",2.13465522751707,
"OECD","GDEXPRD","TOT","PC_GDP","A","2002",2.11126327283779,
"OECD","GDEXPRD","TOT","PC_GDP","A","2003",2.11639327759189,
"OECD","GDEXPRD","TOT","PC_GDP","A","2004",2.08905812118704,
"OECD","GDEXPRD","TOT","PC_GDP","A","2005",2.11887249480749,
"OECD","GDEXPRD","TOT","PC_GDP","A","2006",2.14773081087542,
"OECD","GDEXPRD","TOT","PC_GDP","A","2007",2.17914041551753,
"OECD","GDEXPRD","TOT","PC_GDP","A","2008",2.24684190664476,
"OECD","GDEXPRD","TOT","PC_GDP","A","2009",2.2909584910694,
"OECD","GDEXPRD","TOT","PC_GDP","A","2010",2.25239700303338,
"OECD","GDEXPRD","TOT","PC_GDP","A","2011",2.28239221647005,
"OECD","GDEXPRD","TOT","PC_GDP","A","2012",2.27537822182083,
"OECD","GDEXPRD","TOT","PC_GDP","A","2013",2.30120756377181,
"OECD","GDEXPRD","TOT","PC_GDP","A","2014",2.32177676157087,
"OECD","GDEXPRD","TOT","PC_GDP","A","2015",2.31264412178491,
"OECD","GDEXPRD","TOT","PC_GDP","A","2016",2.31249225669097,
"OECD","GDEXPRD","TOT","PC_GDP","A","2017",2.3548117338198,
"OECD","GDEXPRD","TOT","PC_GDP","A","2018",2.41920655908417,
"OECD","GDEXPRD","TOT","PC_GDP","A","2019",2.47473982050261,
"LVA","GDEXPRD","TOT","PC_GDP","A","1996",0.39728712416604,
"LVA","GDEXPRD","TOT","PC_GDP","A","1997",0.36662163901875,
"LVA","GDEXPRD","TOT","PC_GDP","A","1998",0.37959349215994,
"LVA","GDEXPRD","TOT","PC_GDP","A","1999",0.35221696694121,
"LVA","GDEXPRD","TOT","PC_GDP","A","2000",0.43535281593585,
"LVA","GDEXPRD","TOT","PC_GDP","A","2001",0.40314803807185,
"LVA","GDEXPRD","TOT","PC_GDP","A","2002",0.40893484870176,
"LVA","GDEXPRD","TOT","PC_GDP","A","2003",0.35998179930817,
"LVA","GDEXPRD","TOT","PC_GDP","A","2004",0.39932878843458,
"LVA","GDEXPRD","TOT","PC_GDP","A","2005",0.52844433351931,
"LVA","GDEXPRD","TOT","PC_GDP","A","2006",0.64849354342449,
"LVA","GDEXPRD","TOT","PC_GDP","A","2007",0.55194512713481,
"LVA","GDEXPRD","TOT","PC_GDP","A","2008",0.57878525319292,
"LVA","GDEXPRD","TOT","PC_GDP","A","2009",0.45017455554044,
"LVA","GDEXPRD","TOT","PC_GDP","A","2010",0.60790489258097,
"LVA","GDEXPRD","TOT","PC_GDP","A","2011",0.69291021408059,
"LVA","GDEXPRD","TOT","PC_GDP","A","2012",0.65943978226355,
"LVA","GDEXPRD","TOT","PC_GDP","A","2013",0.60854045302107,
"LVA","GDEXPRD","TOT","PC_GDP","A","2014",0.68942415720226,
"LVA","GDEXPRD","TOT","PC_GDP","A","2015",0.61968466193738,
"LVA","GDEXPRD","TOT","PC_GDP","A","2016",0.43532628651536,
"LVA","GDEXPRD","TOT","PC_GDP","A","2017",0.5114555851636,
"LVA","GDEXPRD","TOT","PC_GDP","A","2018",0.63892854359739,
"LVA","GDEXPRD","TOT","PC_GDP","A","2019",0.6404422787363,
"LTU","GDEXPRD","TOT","PC_GDP","A","1996",0.49170286939225,
"LTU","GDEXPRD","TOT","PC_GDP","A","1997",0.53667179126565,
"LTU","GDEXPRD","TOT","PC_GDP","A","1998",0.54380550922873,
"LTU","GDEXPRD","TOT","PC_GDP","A","1999",0.50206205074267,
"LTU","GDEXPRD","TOT","PC_GDP","A","2000",0.58553172051167,
"LTU","GDEXPRD","TOT","PC_GDP","A","2001",0.667615891737,
"LTU","GDEXPRD","TOT","PC_GDP","A","2002",0.65755131233186,
"LTU","GDEXPRD","TOT","PC_GDP","A","2003",0.66412627402884,
"LTU","GDEXPRD","TOT","PC_GDP","A","2004",0.75140224786474,
"LTU","GDEXPRD","TOT","PC_GDP","A","2005",0.74821057318657,
"LTU","GDEXPRD","TOT","PC_GDP","A","2006",0.79204131058484,
"LTU","GDEXPRD","TOT","PC_GDP","A","2007",0.8017381124701,
"LTU","GDEXPRD","TOT","PC_GDP","A","2008",0.78931560027518,
"LTU","GDEXPRD","TOT","PC_GDP","A","2009",0.83083942222311,
"LTU","GDEXPRD","TOT","PC_GDP","A","2010",0.78330350720839,
"LTU","GDEXPRD","TOT","PC_GDP","A","2011",0.90269336200888,
"LTU","GDEXPRD","TOT","PC_GDP","A","2012",0.89304264260579,
"LTU","GDEXPRD","TOT","PC_GDP","A","2013",0.94871677561979,
"LTU","GDEXPRD","TOT","PC_GDP","A","2014",1.03010797600541,
"LTU","GDEXPRD","TOT","PC_GDP","A","2015",1.04341334619563,
"LTU","GDEXPRD","TOT","PC_GDP","A","2016",0.84240976973692,
"LTU","GDEXPRD","TOT","PC_GDP","A","2017",0.89626108400248,
"LTU","GDEXPRD","TOT","PC_GDP","A","2018",0.93712020636567,
"LTU","GDEXPRD","TOT","PC_GDP","A","2019",0.99158622618977,
"COL","GDEXPRD","TOT","PC_GDP","A","2000",0.14008124689902,
"COL","GDEXPRD","TOT","PC_GDP","A","2001",0.14103607268351,
"COL","GDEXPRD","TOT","PC_GDP","A","2002",0.16390566957987,
"COL","GDEXPRD","TOT","PC_GDP","A","2003",0.17907181408434,
"COL","GDEXPRD","TOT","PC_GDP","A","2004",0.1737216588479,
"COL","GDEXPRD","TOT","PC_GDP","A","2005",0.16556668352508,
"COL","GDEXPRD","TOT","PC_GDP","A","2006",0.16426629263792,
"COL","GDEXPRD","TOT","PC_GDP","A","2007",0.18306650286321,
"COL","GDEXPRD","TOT","PC_GDP","A","2008",0.19541050662518,
"COL","GDEXPRD","TOT","PC_GDP","A","2009",0.19350531065192,
"COL","GDEXPRD","TOT","PC_GDP","A","2010",0.19357908217783,
"COL","GDEXPRD","TOT","PC_GDP","A","2011",0.19841981731863,
"COL","GDEXPRD","TOT","PC_GDP","A","2012",0.22115853776278,
"COL","GDEXPRD","TOT","PC_GDP","A","2013",0.25760723309751,
"COL","GDEXPRD","TOT","PC_GDP","A","2014",0.30317360690782,
"COL","GDEXPRD","TOT","PC_GDP","A","2015",0.32315660080786,
"COL","GDEXPRD","TOT","PC_GDP","A","2016",0.29575585816771,
"COL","GDEXPRD","TOT","PC_GDP","A","2017",0.2615456452017,
"COL","GDEXPRD","TOT","PC_GDP","A","2018",0.28599679441722,
"COL","GDEXPRD","TOT","PC_GDP","A","2019",0.28065609159211,
"EU27_2020","GDEXPRD","TOT","PC_GDP","A","1996",1.57991168492759,
"EU27_2020","GDEXPRD","TOT","PC_GDP","A","1997",1.59422374520366,
"EU27_2020","GDEXPRD","TOT","PC_GDP","A","1998",1.60274729270764,
"EU27_2020","GDEXPRD","TOT","PC_GDP","A","1999",1.65259118204709,
"EU27_2020","GDEXPRD","TOT","PC_GDP","A","2000",1.68078551645962,
"EU27_2020","GDEXPRD","TOT","PC_GDP","A","2001",1.70397923466817,
"EU27_2020","GDEXPRD","TOT","PC_GDP","A","2002",1.7090886102788,
"EU27_2020","GDEXPRD","TOT","PC_GDP","A","2003",1.70307809056509,
"EU27_2020","GDEXPRD","TOT","PC_GDP","A","2004",1.68134588541136,
"EU27_2020","GDEXPRD","TOT","PC_GDP","A","2005",1.68060195164324,
"EU27_2020","GDEXPRD","TOT","PC_GDP","A","2006",1.70205525428859,
"EU27_2020","GDEXPRD","TOT","PC_GDP","A","2007",1.70363829774012,
"EU27_2020","GDEXPRD","TOT","PC_GDP","A","2008",1.77917914067477,
"EU27_2020","GDEXPRD","TOT","PC_GDP","A","2009",1.85831196138341,
"EU27_2020","GDEXPRD","TOT","PC_GDP","A","2010",1.86248030871749,
"EU27_2020","GDEXPRD","TOT","PC_GDP","A","2011",1.90724615845096,
"EU27_2020","GDEXPRD","TOT","PC_GDP","A","2012",1.96167146773884,
"EU27_2020","GDEXPRD","TOT","PC_GDP","A","2013",1.97696862368872,
"EU27_2020","GDEXPRD","TOT","PC_GDP","A","2014",2.00130312269163,
"EU27_2020","GDEXPRD","TOT","PC_GDP","A","2015",2.01101706408008,
"EU27_2020","GDEXPRD","TOT","PC_GDP","A","2016",1.99219226756254,
"EU27_2020","GDEXPRD","TOT","PC_GDP","A","2017",2.03328027085501,
"EU27_2020","GDEXPRD","TOT","PC_GDP","A","2018",2.07142134914099,
"EU27_2020","GDEXPRD","TOT","PC_GDP","A","2019",2.10229748932884,
